Date,Open,High,Low,Close
2011-01-03,,,,17.610001
2011-01-04,,,,17.379999
2011-01-05,,,,17.020000
2011-01-06,,,,17.400000
2011-01-07,,,,17.139999
2011-01-10,,,,17.540001
2011-01-11,,,,16.889999
2011-01-12,,,,16.240000
2011-01-13,,,,16.389999
2011-01-14,,,,15.460000
2011-01-18,,,,15.870000
2011-01-19,,,,17.309999
2011-01-20,,,,17.990000
2011-01-21,,,,18.469999
2011-01-24,,,,17.650000
2011-01-25,,,,17.590000
2011-01-26,,,,16.639999
2011-01-27,,,,16.150000
2011-01-28,,,,20.040001
2011-01-31,,,,19.530001
2011-02-01,,,,17.629999
2011-02-02,,,,17.299999
2011-02-03,,,,16.690001
2011-02-04,,,,15.930000
2011-02-07,,,,16.280001
2011-02-08,,,,15.810000
2011-02-09,,,,15.870000
2011-02-10,,,,16.090000
2011-02-11,,,,15.690000
2011-02-14,,,,15.950000
2011-02-15,,,,16.370001
2011-02-16,,,,16.719999
2011-02-17,,,,16.590000
2011-02-18,,,,16.430000
2011-02-22,,,,20.799999
2011-02-23,,,,22.129999
2011-02-24,,,,21.320000
2011-02-25,,,,19.219999
2011-02-28,,,,18.350000
2011-03-01,,,,21.010000
2011-03-02,,,,20.700001
2011-03-03,,,,18.600000
2011-03-04,,,,19.059999
2011-03-07,,,,20.660000
2011-03-08,,,,19.820000
2011-03-09,,,,20.219999
2011-03-10,,,,21.879999
2011-03-11,,,,20.080000
2011-03-14,,,,21.129999
2011-03-15,,,,24.320000
2011-03-16,,,,29.400000
2011-03-17,,,,26.370001
2011-03-18,,,,24.440001
2011-03-21,,,,20.610001
2011-03-22,,,,20.209999
2011-03-23,,,,19.170000
2011-03-24,,,,18.000000
2011-03-25,,,,17.910000
2011-03-28,,,,19.440001
2011-03-29,,,,18.160000
2011-03-30,,,,17.709999
2011-03-31,,,,17.740000
2011-04-01,,,,17.400000
2011-04-04,,,,17.500000
2011-04-05,,,,17.250000
2011-04-06,,,,16.900000
2011-04-07,,,,17.110001
2011-04-08,,,,17.870001
2011-04-11,,,,16.590000
2011-04-12,,,,17.090000
2011-04-13,,,,16.920000
2011-04-14,,,,16.270000
2011-04-15,,,,15.320000
2011-04-18,,,,16.959999
2011-04-19,,,,15.830000
2011-04-20,,,,15.070000
2011-04-21,,,,14.690000
2011-04-25,,,,15.770000
2011-04-26,,,,15.620000
2011-04-27,,,,15.350000
2011-04-28,,,,14.620000
2011-04-29,,,,14.750000
2011-05-02,,,,15.990000
2011-05-03,,,,16.700001
2011-05-04,,,,17.080000
2011-05-05,,,,18.200001
2011-05-06,,,,18.400000
2011-05-09,,,,17.160000
2011-05-10,,,,15.910000
2011-05-11,,,,16.950001
2011-05-12,,,,16.030001
2011-05-13,,,,17.070000
2011-05-16,,,,18.240000
2011-05-17,,,,17.549999
2011-05-18,,,,16.230000
2011-05-19,,,,15.520000
2011-05-20,,,,17.430000
2011-05-23,,,,18.270000
2011-05-24,,,,17.820000
2011-05-25,,,,17.070000
2011-05-26,,,,16.090000
2011-05-27,,,,15.980000
2011-05-31,,,,15.450000
2011-06-01,,,,18.299999
2011-06-02,,,,18.090000
2011-06-03,,,,17.950001
2011-06-06,,,,18.490000
2011-06-07,,,,18.070000
2011-06-08,,,,18.790001
2011-06-09,,,,17.770000
2011-06-10,,,,18.860001
2011-06-13,,,,19.610001
2011-06-14,,,,18.260000
2011-06-15,,,,21.320000
2011-06-16,,,,22.730000
2011-06-17,,,,21.850000
2011-06-20,,,,19.990000
2011-06-21,,,,18.860001
2011-06-22,,,,18.520000
2011-06-23,,,,19.290001
2011-06-24,,,,21.100000
2011-06-27,,,,20.559999
2011-06-28,,,,19.170000
2011-06-29,,,,17.270000
2011-06-30,,,,16.520000
2011-07-01,,,,15.870000
2011-07-05,,,,16.059999
2011-07-06,,,,16.340000
2011-07-07,,,,15.950000
2011-07-08,,,,15.950000
2011-07-11,,,,18.389999
2011-07-12,,,,19.870001
2011-07-13,,,,19.910000
2011-07-14,,,,20.799999
2011-07-15,,,,19.530001
2011-07-18,,,,20.950001
2011-07-19,,,,19.209999
2011-07-20,,,,19.090000
2011-07-21,,,,17.559999
2011-07-22,,,,17.520000
2011-07-25,,,,19.350000
2011-07-26,,,,20.230000
2011-07-27,,,,22.980000
2011-07-28,,,,23.740000
2011-07-29,,,,25.250000
2011-08-01,,,,23.660000
2011-08-02,,,,24.790001
2011-08-03,,,,23.379999
2011-08-04,,,,31.660000
2011-08-05,,,,32.000000
2011-08-08,,,,48.000000
2011-08-09,,,,35.060001
2011-08-10,,,,42.990002
2011-08-11,,,,39.000000
2011-08-12,,,,36.360001
2011-08-15,,,,31.870001
2011-08-16,,,,32.849998
2011-08-17,,,,31.580000
2011-08-18,,,,42.669998
2011-08-19,,,,43.049999
2011-08-22,,,,42.439999
2011-08-23,,,,36.270000
2011-08-24,,,,35.900002
2011-08-25,,,,39.759998
2011-08-26,,,,35.590000
2011-08-29,,,,32.279999
2011-08-30,,,,32.889999
2011-08-31,,,,31.620001
2011-09-01,,,,31.820000
2011-09-02,,,,33.919998
2011-09-06,,,,37.000000
2011-09-07,,,,33.380001
2011-09-08,,,,34.320000
2011-09-09,,,,38.520000
2011-09-12,,,,38.590000
2011-09-13,,,,36.910000
2011-09-14,,,,34.599998
2011-09-15,,,,31.969999
2011-09-16,,,,30.980000
2011-09-19,,,,32.730000
2011-09-20,,,,32.860001
2011-09-21,,,,37.320000
2011-09-22,,,,41.349998
2011-09-23,,,,41.250000
2011-09-26,,,,39.020000
2011-09-27,,,,37.709999
2011-09-28,,,,41.080002
2011-09-29,,,,38.840000
2011-09-30,,,,42.959999
2011-10-03,,,,45.450001
2011-10-04,,,,40.820000
2011-10-05,,,,37.810001
2011-10-06,,,,36.270000
2011-10-07,,,,36.200001
2011-10-10,,,,33.020000
2011-10-11,,,,32.860001
2011-10-12,,,,31.260000
2011-10-13,,,,30.700001
2011-10-14,,,,28.240000
2011-10-17,,,,33.389999
2011-10-18,,,,31.559999
2011-10-19,,,,34.439999
2011-10-20,,,,34.779999
2011-10-21,,,,31.320000
2011-10-24,,,,29.260000
2011-10-25,,,,32.220001
2011-10-26,,,,29.860001
2011-10-27,,,,25.459999
2011-10-28,,,,24.530001
2011-10-31,,,,29.959999
2011-11-01,,,,34.770000
2011-11-02,,,,32.740002
2011-11-03,,,,30.500000
2011-11-04,,,,30.160000
2011-11-07,,,,29.850000
2011-11-08,,,,27.480000
2011-11-09,,,,36.160000
2011-11-10,,,,32.810001
2011-11-11,,,,30.040001
2011-11-14,,,,31.129999
2011-11-15,,,,31.219999
2011-11-16,,,,33.509998
2011-11-17,,,,34.509998
2011-11-18,,,,32.000000
2011-11-21,,,,32.910000
2011-11-22,,,,31.969999
2011-11-23,,,,33.980000
2011-11-25,,,,34.470001
2011-11-28,,,,32.130001
2011-11-29,,,,30.639999
2011-11-30,,,,27.799999
2011-12-01,,,,27.410000
2011-12-02,,,,27.520000
2011-12-05,,,,27.840000
2011-12-06,,,,28.129999
2011-12-07,,,,28.670000
2011-12-08,,,,30.590000
2011-12-09,,,,26.379999
2011-12-12,,,,25.670000
2011-12-13,,,,25.410000
2011-12-14,,,,26.040001
2011-12-15,,,,25.110001
2011-12-16,,,,24.290001
2011-12-19,,,,24.920000
2011-12-20,,,,23.219999
2011-12-21,,,,21.430000
2011-12-22,,,,21.160000
2011-12-23,,,,20.730000
2011-12-27,,,,21.910000
2011-12-28,,,,23.520000
2011-12-29,,,,22.650000
2011-12-30,,,,23.400000
2012-01-03,,,,22.969999
2012-01-04,,,,22.219999
2012-01-05,,,,21.480000
2012-01-06,,,,20.629999
2012-01-09,,,,21.070000
2012-01-10,,,,20.690001
2012-01-11,,,,21.049999
2012-01-12,,,,20.469999
2012-01-13,,,,20.910000
2012-01-17,,,,22.200001
2012-01-18,,,,20.889999
2012-01-19,,,,19.870001
2012-01-20,,,,18.280001
2012-01-23,,,,18.670000
2012-01-24,,,,18.910000
2012-01-25,,,,18.309999
2012-01-26,,,,18.570000
2012-01-27,,,,18.530001
2012-01-30,,,,19.400000
2012-01-31,,,,19.440001
2012-02-01,,,,18.549999
2012-02-02,,,,17.980000
2012-02-03,,,,17.100000
2012-02-06,,,,17.760000
2012-02-07,,,,17.650000
2012-02-08,,,,18.160000
2012-02-09,,,,18.629999
2012-02-10,,,,20.790001
2012-02-13,,,,19.040001
2012-02-14,,,,19.540001
2012-02-15,,,,21.139999
2012-02-16,,,,19.219999
2012-02-17,,,,17.780001
2012-02-21,,,,18.190001
2012-02-22,,,,18.190001
2012-02-23,,,,16.799999
2012-02-24,,,,17.309999
2012-02-27,,,,18.190001
2012-02-28,,,,17.959999
2012-02-29,,,,18.430000
2012-03-01,,,,17.260000
2012-03-02,,,,17.290001
2012-03-05,,,,18.049999
2012-03-06,,,,20.870001
2012-03-07,,,,19.070000
2012-03-08,,,,17.950001
2012-03-09,,,,17.110001
2012-03-12,,,,15.640000
2012-03-13,,,,14.800000
2012-03-14,,,,15.310000
2012-03-15,,,,15.420000
2012-03-16,,,,14.470000
2012-03-19,,,,15.040000
2012-03-20,,,,15.580000
2012-03-21,,,,15.130000
2012-03-22,,,,15.570000
2012-03-23,,,,14.820000
2012-03-26,,,,14.260000
2012-03-27,,,,15.590000
2012-03-28,,,,15.470000
2012-03-29,,,,15.480000
2012-03-30,,,,15.500000
2012-04-02,,,,15.640000
2012-04-03,,,,15.660000
2012-04-04,,,,16.440001
2012-04-05,,,,16.700001
2012-04-09,,,,18.809999
2012-04-10,,,,20.389999
2012-04-11,,,,20.020000
2012-04-12,,,,17.200001
2012-04-13,,,,19.549999
2012-04-16,,,,19.549999
2012-04-17,,,,18.459999
2012-04-18,,,,18.639999
2012-04-19,,,,18.360001
2012-04-20,,,,17.440001
2012-04-23,,,,18.969999
2012-04-24,,,,18.100000
2012-04-25,,,,16.820000
2012-04-26,,,,16.240000
2012-04-27,,,,16.320000
2012-04-30,,,,17.150000
2012-05-01,,,,16.600000
2012-05-02,,,,16.879999
2012-05-03,,,,17.559999
2012-05-04,,,,19.160000
2012-05-07,,,,18.940001
2012-05-08,,,,19.049999
2012-05-09,,,,20.080000
2012-05-10,,,,18.830000
2012-05-11,,,,19.889999
2012-05-14,,,,21.870001
2012-05-15,,,,21.969999
2012-05-16,,,,22.270000
2012-05-17,,,,24.490000
2012-05-18,,,,25.100000
2012-05-21,,,,22.010000
2012-05-22,,,,22.480000
2012-05-23,,,,22.330000
2012-05-24,,,,21.540001
2012-05-25,,,,21.760000
2012-05-29,,,,21.030001
2012-05-30,,,,24.139999
2012-05-31,,,,24.059999
2012-06-01,,,,26.660000
2012-06-04,,,,26.120001
2012-06-05,,,,24.680000
2012-06-06,,,,22.160000
2012-06-07,,,,21.719999
2012-06-08,,,,21.230000
2012-06-11,,,,23.559999
2012-06-12,,,,22.090000
2012-06-13,,,,24.270000
2012-06-14,,,,21.680000
2012-06-15,,,,21.110001
2012-06-18,,,,18.320000
2012-06-19,,,,18.379999
2012-06-20,,,,17.240000
2012-06-21,,,,20.080000
2012-06-22,,,,18.110001
2012-06-25,,,,20.379999
2012-06-26,,,,19.719999
2012-06-27,,,,19.450001
2012-06-28,,,,19.709999
2012-06-29,,,,17.080000
2012-07-02,,,,16.799999
2012-07-03,,,,16.660000
2012-07-05,,,,17.500000
2012-07-06,,,,17.100000
2012-07-09,,,,17.980000
2012-07-10,,,,18.719999
2012-07-11,,,,17.950001
2012-07-12,,,,18.330000
2012-07-13,,,,16.740000
2012-07-16,,,,17.110001
2012-07-17,,,,16.480000
2012-07-18,,,,16.160000
2012-07-19,,,,15.450000
2012-07-20,,,,16.270000
2012-07-23,,,,18.620001
2012-07-24,,,,20.469999
2012-07-25,,,,19.340000
2012-07-26,,,,17.530001
2012-07-27,,,,16.700001
2012-07-30,,,,18.030001
2012-07-31,,,,18.930000
2012-08-01,,,,18.959999
2012-08-02,,,,17.570000
2012-08-03,,,,15.640000
2012-08-06,,,,15.950000
2012-08-07,,,,15.990000
2012-08-08,,,,15.320000
2012-08-09,,,,15.280000
2012-08-10,,,,14.740000
2012-08-13,,,,13.700000
2012-08-14,,,,14.850000
2012-08-15,,,,14.630000
2012-08-16,,,,14.290000
2012-08-17,,,,13.450000
2012-08-20,,,,14.020000
2012-08-21,,,,15.020000
2012-08-22,,,,15.110000
2012-08-23,,,,15.960000
2012-08-24,,,,15.180000
2012-08-27,,,,16.350000
2012-08-28,,,,16.490000
2012-08-29,,,,17.059999
2012-08-30,,,,17.830000
2012-08-31,,,,17.469999
2012-09-04,,,,17.980000
2012-09-05,,,,17.740000
2012-09-06,,,,15.600000
2012-09-07,,,,14.380000
2012-09-10,,,,16.280001
2012-09-11,,,,16.410000
2012-09-12,,,,15.800000
2012-09-13,,,,14.050000
2012-09-14,,,,14.510000
2012-09-17,,,,14.590000
2012-09-18,,,,14.180000
2012-09-19,,,,13.880000
2012-09-20,,,,14.070000
2012-09-21,,,,13.980000
2012-09-24,,,,14.150000
2012-09-25,,,,15.430000
2012-09-26,,,,16.809999
2012-09-27,,,,14.840000
2012-09-28,,,,15.730000
2012-10-01,,,,16.320000
2012-10-02,,,,15.710000
2012-10-03,,,,15.430000
2012-10-04,,,,14.550000
2012-10-05,,,,14.330000
2012-10-08,,,,15.110000
2012-10-09,,,,16.370001
2012-10-10,,,,16.290001
2012-10-11,,,,15.590000
2012-10-12,,,,16.139999
2012-10-15,,,,15.270000
2012-10-16,,,,15.220000
2012-10-17,,,,15.070000
2012-10-18,,,,15.030000
2012-10-19,,,,17.059999
2012-10-22,,,,16.620001
2012-10-23,,,,18.830000
2012-10-24,,,,18.330000
2012-10-25,,,,18.120001
2012-10-26,,,,17.809999
2012-10-31,,,,18.600000
2012-11-01,,,,16.690001
2012-11-02,,,,17.590000
2012-11-05,,,,18.420000
2012-11-06,,,,17.580000
2012-11-07,,,,19.080000
2012-11-08,,,,18.490000
2012-11-09,,,,18.610001
2012-11-12,,,,16.680000
2012-11-13,,,,16.650000
2012-11-14,,,,17.920000
2012-11-15,,,,17.990000
2012-11-16,,,,16.410000
2012-11-19,,,,15.240000
2012-11-20,,,,15.080000
2012-11-21,,,,15.310000
2012-11-23,,,,15.140000
2012-11-26,,,,15.500000
2012-11-27,,,,15.920000
2012-11-28,,,,15.510000
2012-11-29,,,,15.060000
2012-11-30,,,,15.870000
2012-12-03,,,,16.639999
2012-12-04,,,,17.120001
2012-12-05,,,,16.459999
2012-12-06,,,,16.580000
2012-12-07,,,,15.900000
2012-12-10,,,,16.049999
2012-12-11,,,,15.570000
2012-12-12,,,,15.950000
2012-12-13,,,,16.559999
2012-12-14,,,,17.000000
2012-12-17,,,,16.340000
2012-12-18,,,,15.570000
2012-12-19,,,,17.360001
2012-12-20,,,,17.670000
2012-12-21,,,,17.840000
2012-12-24,,,,17.840000
2012-12-26,,,,19.480000
2012-12-27,,,,19.469999
2012-12-28,,,,22.719999
2012-12-31,,,,18.020000
2013-01-02,,,,14.680000
2013-01-03,,,,14.560000
2013-01-04,,,,13.830000
2013-01-07,,,,13.790000
2013-01-08,,,,13.620000
2013-01-09,,,,13.810000
2013-01-10,,,,13.490000
2013-01-11,,,,13.360000
2013-01-14,,,,13.520000
2013-01-15,,,,13.550000
2013-01-16,,,,13.420000
2013-01-17,,,,13.570000
2013-01-18,,,,12.460000
2013-01-22,,,,12.430000
2013-01-23,,,,12.460000
2013-01-24,,,,12.690000
2013-01-25,,,,12.890000
2013-01-28,,,,13.570000
2013-01-29,,,,13.310000
2013-01-30,,,,14.320000
2013-01-31,,,,14.280000
2013-02-01,,,,12.900000
2013-02-04,,,,14.670000
2013-02-05,,,,13.720000
2013-02-06,,,,13.410000
2013-02-07,,,,13.500000
2013-02-08,,,,13.020000
2013-02-11,,,,12.940000
2013-02-12,,,,12.640000
2013-02-13,,,,12.980000
2013-02-14,,,,12.660000
2013-02-15,,,,12.460000
2013-02-19,,,,12.310000
2013-02-20,,,,14.680000
2013-02-21,,,,15.220000
2013-02-22,,,,14.170000
2013-02-25,,,,18.990000
2013-02-26,,,,16.870001
2013-02-27,,,,14.730000
2013-02-28,,,,15.510000
2013-03-01,,,,15.360000
2013-03-04,,,,14.010000
2013-03-05,,,,13.480000
2013-03-06,,,,13.530000
2013-03-07,,,,13.060000
2013-03-08,,,,12.590000
2013-03-11,,,,11.560000
2013-03-12,,,,12.270000
2013-03-13,,,,11.830000
2013-03-14,,,,11.300000
2013-03-15,,,,11.300000
2013-03-18,,,,13.360000
2013-03-19,,,,14.390000
2013-03-20,,,,12.670000
2013-03-21,,,,13.990000
2013-03-22,,,,13.570000
2013-03-25,,,,13.740000
2013-03-26,,,,12.770000
2013-03-27,,,,13.150000
2013-03-28,,,,12.700000
2013-04-01,,,,13.580000
2013-04-02,,,,12.780000
2013-04-03,,,,14.210000
2013-04-04,,,,13.890000
2013-04-05,,,,13.920000
2013-04-08,,,,13.190000
2013-04-09,,,,12.840000
2013-04-10,,,,12.360000
2013-04-11,,,,12.240000
2013-04-12,,,,12.060000
2013-04-15,,,,17.270000
2013-04-16,,,,13.960000
2013-04-17,,,,16.510000
2013-04-18,,,,17.559999
2013-04-19,,,,14.970000
2013-04-22,,,,14.390000
2013-04-23,,,,13.480000
2013-04-24,,,,13.610000
2013-04-25,,,,13.620000
2013-04-26,,,,13.610000
2013-04-29,,,,13.710000
2013-04-30,,,,13.520000
2013-05-01,,,,14.490000
2013-05-02,,,,13.590000
2013-05-03,,,,12.850000
2013-05-06,,,,12.660000
2013-05-07,,,,12.830000
2013-05-08,,,,12.660000
2013-05-09,,,,13.130000
2013-05-10,,,,12.590000
2013-05-13,,,,12.550000
2013-05-14,,,,12.770000
2013-05-15,,,,12.810000
2013-05-16,,,,13.070000
2013-05-17,,,,12.450000
2013-05-20,,,,13.020000
2013-05-21,,,,13.370000
2013-05-22,,,,13.820000
2013-05-23,,,,14.070000
2013-05-24,,,,13.990000
2013-05-28,,,,14.480000
2013-05-29,,,,14.830000
2013-05-30,,,,14.530000
2013-05-31,,,,16.299999
2013-06-03,,,,16.280001
2013-06-04,,,,16.270000
2013-06-05,,,,17.500000
2013-06-06,,,,16.629999
2013-06-07,,,,15.140000
2013-06-10,,,,15.440000
2013-06-11,,,,17.070000
2013-06-12,,,,18.590000
2013-06-13,,,,16.410000
2013-06-14,,,,17.150000
2013-06-17,,,,16.799999
2013-06-18,,,,16.610001
2013-06-19,,,,16.639999
2013-06-20,,,,20.490000
2013-06-21,,,,18.900000
2013-06-24,,,,20.110001
2013-06-25,,,,18.469999
2013-06-26,,,,17.209999
2013-06-27,,,,16.860001
2013-06-28,,,,16.860001
2013-07-01,,,,16.370001
2013-07-02,,,,16.440001
2013-07-03,,,,16.200001
2013-07-05,,,,14.890000
2013-07-08,,,,14.780000
2013-07-09,,,,14.350000
2013-07-10,,,,14.210000
2013-07-11,,,,14.010000
2013-07-12,,,,13.840000
2013-07-15,,,,13.790000
2013-07-16,,,,14.420000
2013-07-17,,,,13.780000
2013-07-18,,,,13.770000
2013-07-19,,,,12.540000
2013-07-22,,,,12.290000
2013-07-23,,,,12.660000
2013-07-24,,,,13.180000
2013-07-25,,,,12.970000
2013-07-26,,,,12.720000
2013-07-29,,,,13.390000
2013-07-30,,,,13.390000
2013-07-31,,,,13.450000
2013-08-01,,,,12.940000
2013-08-02,,,,11.980000
2013-08-05,,,,11.840000
2013-08-06,,,,12.720000
2013-08-07,,,,12.980000
2013-08-08,,,,12.730000
2013-08-09,,,,13.410000
2013-08-12,,,,12.810000
2013-08-13,,,,12.310000
2013-08-14,,,,13.040000
2013-08-15,,,,14.730000
2013-08-16,,,,14.370000
2013-08-19,,,,15.100000
2013-08-20,,,,14.910000
2013-08-21,,,,15.940000
2013-08-22,,,,14.760000
2013-08-23,,,,13.980000
2013-08-26,,,,14.990000
2013-08-27,,,,16.770000
2013-08-28,,,,16.490000
2013-08-29,,,,16.809999
2013-08-30,,,,17.010000
2013-09-03,,,,16.610001
2013-09-04,,,,15.880000
2013-09-05,,,,15.770000
2013-09-06,,,,15.850000
2013-09-09,,,,15.630000
2013-09-10,,,,14.530000
2013-09-11,,,,13.820000
2013-09-12,,,,14.290000
2013-09-13,,,,14.160000
2013-09-16,,,,14.380000
2013-09-17,,,,14.530000
2013-09-18,,,,13.590000
2013-09-19,,,,13.160000
2013-09-20,,,,13.120000
2013-09-23,,,,14.310000
2013-09-24,,,,14.080000
2013-09-25,,,,14.010000
2013-09-26,,,,14.060000
2013-09-27,,,,15.460000
2013-09-30,,,,16.600000
2013-10-01,,,,15.540000
2013-10-02,,,,16.600000
2013-10-03,,,,17.670000
2013-10-04,,,,16.740000
2013-10-07,,,,19.410000
2013-10-08,,,,20.340000
2013-10-09,,,,19.600000
2013-10-10,,,,16.480000
2013-10-11,,,,15.720000
2013-10-14,,,,16.070000
2013-10-15,,,,18.660000
2013-10-16,,,,14.710000
2013-10-17,,,,13.480000
2013-10-18,,,,13.040000
2013-10-21,,,,13.160000
2013-10-22,,,,13.330000
2013-10-23,,,,13.420000
2013-10-24,,,,13.200000
2013-10-25,,,,13.090000
2013-10-28,,,,13.310000
2013-10-29,,,,13.410000
2013-10-30,,,,13.650000
2013-10-31,,,,13.750000
2013-11-01,,,,13.280000
2013-11-04,,,,12.930000
2013-11-05,,,,13.270000
2013-11-06,,,,12.670000
2013-11-07,,,,13.910000
2013-11-08,,,,12.900000
2013-11-11,,,,12.530000
2013-11-12,,,,12.820000
2013-11-13,,,,12.520000
2013-11-14,,,,12.370000
2013-11-15,,,,12.190000
2013-11-18,,,,13.100000
2013-11-19,,,,13.390000
2013-11-20,,,,13.400000
2013-11-21,,,,12.660000
2013-11-22,,,,12.260000
2013-11-25,,,,12.790000
2013-11-26,,,,12.810000
2013-11-27,,,,12.980000
2013-11-29,,,,13.700000
2013-12-02,,,,14.230000
2013-12-03,,,,14.550000
2013-12-04,,,,14.700000
2013-12-05,,,,15.080000
2013-12-06,,,,13.790000
2013-12-09,,,,13.490000
2013-12-10,,,,13.910000
2013-12-11,,,,15.420000
2013-12-12,,,,15.540000
2013-12-13,,,,15.760000
2013-12-16,,,,16.030001
2013-12-17,,,,16.209999
2013-12-18,,,,13.800000
2013-12-19,,,,14.150000
2013-12-20,,,,13.790000
2013-12-23,,,,13.040000
2013-12-24,,,,12.480000
2013-12-26,,,,12.330000
2013-12-27,,,,12.460000
2013-12-30,,,,13.560000
2013-12-31,,,,13.720000
2014-01-02,,,,14.230000
2014-01-03,,,,13.760000
2014-01-06,,,,13.550000
2014-01-07,,,,12.920000
2014-01-08,,,,12.870000
2014-01-09,,,,12.890000
2014-01-10,,,,12.140000
2014-01-13,,,,13.280000
2014-01-14,,,,12.280000
2014-01-15,,,,12.280000
2014-01-16,,,,12.530000
2014-01-17,,,,12.440000
2014-01-21,,,,12.870000
2014-01-22,,,,12.840000
2014-01-23,,,,13.770000
2014-01-24,,,,18.139999
2014-01-27,,,,17.420000
2014-01-28,,,,15.800000
2014-01-29,,,,17.350000
2014-01-30,,,,17.290001
2014-01-31,,,,18.410000
2014-02-03,,,,21.440001
2014-02-04,,,,19.110001
2014-02-05,,,,19.950001
2014-02-06,,,,17.230000
2014-02-07,,,,15.290000
2014-02-10,,,,15.260000
2014-02-11,,,,14.510000
2014-02-12,,,,14.300000
2014-02-13,,,,14.140000
2014-02-14,,,,13.570000
2014-02-18,,,,13.870000
2014-02-19,,,,15.500000
2014-02-20,,,,14.790000
2014-02-21,,,,14.680000
2014-02-24,,,,14.230000
2014-02-25,,,,13.670000
2014-02-26,,,,14.350000
2014-02-27,,,,14.040000
2014-02-28,,,,14.000000
2014-03-03,,,,16.000000
2014-03-04,,,,14.100000
2014-03-05,,,,13.890000
2014-03-06,,,,14.210000
2014-03-07,,,,14.110000
2014-03-10,,,,14.200000
2014-03-11,,,,14.800000
2014-03-12,,,,14.470000
2014-03-13,,,,16.219999
2014-03-14,,,,17.820000
2014-03-17,,,,15.640000
2014-03-18,,,,14.520000
2014-03-19,,,,15.120000
2014-03-20,,,,14.520000
2014-03-21,,,,15.000000
2014-03-24,,,,15.090000
2014-03-25,,,,14.020000
2014-03-26,,,,14.930000
2014-03-27,,,,14.620000
2014-03-28,,,,14.410000
2014-03-31,,,,13.880000
2014-04-01,,,,13.100000
2014-04-02,,,,13.090000
2014-04-03,,,,13.370000
2014-04-04,,,,13.960000
2014-04-07,,,,15.570000
2014-04-08,,,,14.890000
2014-04-09,,,,13.820000
2014-04-10,,,,15.890000
2014-04-11,,,,17.030001
2014-04-14,,,,16.110001
2014-04-15,,,,15.610000
2014-04-16,,,,14.180000
2014-04-17,,,,13.360000
2014-04-21,,,,13.250000
2014-04-22,,,,13.190000
2014-04-23,,,,13.270000
2014-04-24,,,,13.320000
2014-04-25,,,,14.060000
2014-04-28,,,,13.970000
2014-04-29,,,,13.710000
2014-04-30,,,,13.410000
2014-05-01,,,,13.250000
2014-05-02,,,,12.910000
2014-05-05,,,,13.290000
2014-05-06,,,,13.800000
2014-05-07,,,,13.400000
2014-05-08,,,,13.430000
2014-05-09,,,,12.920000
2014-05-12,,,,12.230000
2014-05-13,,,,12.130000
2014-05-14,,,,12.170000
2014-05-15,,,,13.170000
2014-05-16,,,,12.440000
2014-05-19,,,,12.420000
2014-05-20,,,,12.960000
2014-05-21,,,,11.910000
2014-05-22,,,,12.030000
2014-05-23,,,,11.360000
2014-05-27,,,,11.510000
2014-05-28,,,,11.680000
2014-05-29,,,,11.570000
2014-05-30,,,,11.400000
2014-06-02,,,,11.580000
2014-06-03,,,,11.870000
2014-06-04,,,,12.080000
2014-06-05,,,,11.680000
2014-06-06,,,,10.730000
2014-06-09,,,,11.150000
2014-06-10,,,,10.990000
2014-06-11,,,,11.600000
2014-06-12,,,,12.560000
2014-06-13,,,,12.180000
2014-06-16,,,,12.650000
2014-06-17,,,,12.060000
2014-06-18,,,,10.610000
2014-06-19,,,,10.620000
2014-06-20,,,,10.850000
2014-06-23,,,,10.980000
2014-06-24,,,,12.130000
2014-06-25,,,,11.590000
2014-06-26,,,,11.630000
2014-06-27,,,,11.260000
2014-06-30,,,,11.570000
2014-07-01,,,,11.150000
2014-07-02,,,,10.820000
2014-07-03,,,,10.320000
2014-07-07,,,,11.330000
2014-07-08,,,,11.980000
2014-07-09,,,,11.650000
2014-07-10,,,,12.590000
2014-07-11,,,,12.080000
2014-07-14,,,,11.820000
2014-07-15,,,,11.960000
2014-07-16,,,,11.000000
2014-07-17,,,,14.540000
2014-07-18,,,,12.060000
2014-07-21,,,,12.810000
2014-07-22,,,,12.240000
2014-07-23,,,,11.520000
2014-07-24,,,,11.840000
2014-07-25,,,,12.690000
2014-07-28,,,,12.560000
2014-07-29,,,,13.280000
2014-07-30,,,,13.330000
2014-07-31,,,,16.950001
2014-08-01,,,,17.030001
2014-08-04,,,,15.120000
2014-08-05,,,,16.870001
2014-08-06,,,,16.370001
2014-08-07,,,,16.660000
2014-08-08,,,,15.770000
2014-08-11,,,,14.230000
2014-08-12,,,,14.130000
2014-08-13,,,,12.900000
2014-08-14,,,,12.420000
2014-08-15,,,,13.150000
2014-08-18,,,,12.320000
2014-08-19,,,,12.210000
2014-08-20,,,,11.780000
2014-08-21,,,,11.760000
2014-08-22,,,,11.470000
2014-08-25,,,,11.700000
2014-08-26,,,,11.630000
2014-08-27,,,,11.780000
2014-08-28,,,,12.050000
2014-08-29,,,,12.090000
2014-09-02,,,,12.250000
2014-09-03,,,,12.360000
2014-09-04,,,,12.640000
2014-09-05,,,,12.090000
2014-09-08,,,,12.660000
2014-09-09,,,,13.500000
2014-09-10,,,,12.880000
2014-09-11,,,,12.800000
2014-09-12,,,,13.310000
2014-09-15,,,,14.120000
2014-09-16,,,,12.730000
2014-09-17,,,,12.650000
2014-09-18,,,,12.030000
2014-09-19,,,,12.110000
2014-09-22,,,,13.690000
2014-09-23,,,,14.930000
2014-09-24,,,,13.270000
2014-09-25,,,,15.640000
2014-09-26,,,,14.850000
2014-09-29,,,,15.980000
2014-09-30,,,,16.309999
2014-10-01,,,,16.709999
2014-10-02,,,,16.160000
2014-10-03,,,,14.550000
2014-10-06,,,,15.460000
2014-10-07,,,,17.200001
2014-10-08,,,,15.110000
2014-10-09,,,,18.760000
2014-10-10,,,,21.240000
2014-10-13,,,,24.639999
2014-10-14,,,,22.790001
2014-10-15,,,,25.270000
2014-10-16,,,,25.200001
2014-10-17,,,,21.990000
2014-10-20,,,,18.570000
2014-10-21,,,,16.080000
2014-10-22,,,,17.870001
2014-10-23,,,,16.530001
2014-10-24,,,,16.110001
2014-10-27,,,,16.040001
2014-10-28,,,,14.390000
2014-10-29,,,,15.150000
2014-10-30,,,,14.520000
2014-10-31,,,,14.030000
2014-11-03,,,,14.730000
2014-11-04,,,,14.890000
2014-11-05,,,,14.170000
2014-11-06,,,,13.670000
2014-11-07,,,,13.120000
2014-11-10,,,,12.670000
2014-11-11,,,,12.920000
2014-11-12,,,,13.020000
2014-11-13,,,,13.790000
2014-11-14,,,,13.310000
2014-11-17,,,,13.990000
2014-11-18,,,,13.860000
2014-11-19,,,,13.960000
2014-11-20,,,,13.580000
2014-11-21,,,,12.900000
2014-11-24,,,,12.620000
2014-11-25,,,,12.250000
2014-11-26,,,,12.070000
2014-11-28,,,,13.330000
2014-12-01,,,,14.160000
2014-12-02,,,,12.850000
2014-12-03,,,,12.500000
2014-12-04,,,,12.380000
2014-12-05,,,,11.890000
2014-12-08,,,,14.210000
2014-12-09,,,,15.350000
2014-12-10,,,,18.530001
2014-12-11,,,,20.080000
2014-12-12,,,,21.080000
2014-12-15,,,,20.420000
2014-12-16,,,,23.570000
2014-12-17,,,,19.440001
2014-12-18,,,,16.809999
2014-12-19,,,,16.490000
2014-12-22,,,,15.250000
2014-12-23,,,,14.800000
2014-12-24,,,,14.370000
2014-12-26,,,,14.500000
2014-12-29,,,,15.060000
2014-12-30,,,,15.920000
2014-12-31,,,,19.200001
2015-01-02,,,,17.790001
2015-01-05,,,,19.920000
2015-01-06,,,,21.120001
2015-01-07,,,,19.309999
2015-01-08,,,,17.010000
2015-01-09,,,,17.549999
2015-01-12,,,,19.600000
2015-01-13,,,,20.559999
2015-01-14,,,,21.480000
2015-01-15,,,,22.389999
2015-01-16,,,,20.950001
2015-01-20,,,,19.889999
2015-01-21,,,,18.850000
2015-01-22,,,,16.400000
2015-01-23,,,,16.660000
2015-01-26,,,,15.520000
2015-01-27,,,,17.219999
2015-01-28,,,,20.440001
2015-01-29,,,,18.760000
2015-01-30,,,,20.969999
2015-02-02,,,,19.430000
2015-02-03,,,,17.330000
2015-02-04,,,,18.330000
2015-02-05,,,,16.850000
2015-02-06,,,,17.290001
2015-02-09,,,,18.549999
2015-02-10,,,,17.230000
2015-02-11,,,,16.959999
2015-02-12,,,,15.340000
2015-02-13,,,,14.690000
2015-02-17,,,,15.800000
2015-02-18,,,,15.450000
2015-02-19,,,,15.290000
2015-02-20,,,,14.300000
2015-02-23,,,,14.560000
2015-02-24,,,,13.690000
2015-02-25,,,,13.840000
2015-02-26,,,,13.910000
2015-02-27,,,,13.340000
2015-03-02,,,,13.040000
2015-03-03,,,,13.860000
2015-03-04,,,,14.230000
2015-03-05,,,,14.040000
2015-03-06,,,,15.200000
2015-03-09,,,,15.060000
2015-03-10,,,,16.690001
2015-03-11,,,,16.870001
2015-03-12,,,,15.420000
2015-03-13,,,,16.000000
2015-03-16,,,,15.610000
2015-03-17,,,,15.660000
2015-03-18,,,,13.970000
2015-03-19,,,,14.070000
2015-03-20,,,,13.020000
2015-03-23,,,,13.410000
2015-03-24,,,,13.620000
2015-03-25,,,,15.440000
2015-03-26,,,,15.800000
2015-03-27,,,,15.070000
2015-03-30,,,,14.510000
2015-03-31,,,,15.290000
2015-04-01,,,,15.110000
2015-04-02,,,,14.670000
2015-04-06,,,,14.740000
2015-04-07,,,,14.780000
2015-04-08,,,,13.980000
2015-04-09,,,,13.090000
2015-04-10,,,,12.580000
2015-04-13,,,,13.940000
2015-04-14,,,,13.670000
2015-04-15,,,,12.840000
2015-04-16,,,,12.600000
2015-04-17,,,,13.890000
2015-04-20,,,,13.300000
2015-04-21,,,,13.250000
2015-04-22,,,,12.710000
2015-04-23,,,,12.480000
2015-04-24,,,,12.290000
2015-04-27,,,,13.120000
2015-04-28,,,,12.410000
2015-04-29,,,,13.390000
2015-04-30,,,,14.550000
2015-05-01,,,,12.700000
2015-05-04,,,,12.850000
2015-05-05,,,,14.310000
2015-05-06,,,,15.150000
2015-05-07,,,,15.130000
2015-05-08,,,,12.860000
2015-05-11,,,,13.850000
2015-05-12,,,,13.860000
2015-05-13,,,,13.760000
2015-05-14,,,,12.740000
2015-05-15,,,,12.380000
2015-05-18,,,,12.730000
2015-05-19,,,,12.850000
2015-05-20,,,,12.880000
2015-05-21,,,,12.110000
2015-05-22,,,,12.130000
2015-05-26,,,,14.060000
2015-05-27,,,,13.270000
2015-05-28,,,,13.310000
2015-05-29,,,,13.840000
2015-06-01,,,,13.970000
2015-06-02,,,,14.240000
2015-06-03,,,,13.660000
2015-06-04,,,,14.710000
2015-06-05,,,,14.210000
2015-06-08,,,,15.290000
2015-06-09,,,,14.470000
2015-06-10,,,,13.220000
2015-06-11,,,,12.850000
2015-06-12,,,,13.780000
2015-06-15,,,,15.390000
2015-06-16,,,,14.810000
2015-06-17,,,,14.500000
2015-06-18,,,,13.190000
2015-06-19,,,,13.960000
2015-06-22,,,,12.740000
2015-06-23,,,,12.110000
2015-06-24,,,,13.260000
2015-06-25,,,,14.010000
2015-06-26,,,,14.020000
2015-06-29,,,,18.850000
2015-06-30,,,,18.230000
2015-07-01,,,,16.090000
2015-07-02,,,,16.790001
2015-07-06,,,,17.010000
2015-07-07,,,,16.090000
2015-07-08,,,,19.660000
2015-07-09,,,,19.969999
2015-07-10,,,,16.830000
2015-07-13,,,,13.900000
2015-07-14,,,,13.370000
2015-07-15,,,,13.230000
2015-07-16,,,,12.110000
2015-07-17,,,,11.950000
2015-07-20,,,,12.250000
2015-07-21,,,,12.220000
2015-07-22,,,,12.120000
2015-07-23,,,,12.640000
2015-07-24,,,,13.740000
2015-07-27,,,,15.600000
2015-07-28,,,,13.440000
2015-07-29,,,,12.500000
2015-07-30,,,,12.130000
2015-07-31,,,,12.120000
2015-08-03,,,,12.560000
2015-08-04,,,,13.000000
2015-08-05,,,,12.510000
2015-08-06,,,,13.770000
2015-08-07,,,,13.390000
2015-08-10,,,,12.230000
2015-08-11,,,,13.710000
2015-08-12,,,,13.610000
2015-08-13,,,,13.490000
2015-08-14,,,,12.830000
2015-08-17,,,,13.020000
2015-08-18,,,,13.790000
2015-08-19,,,,15.250000
2015-08-20,,,,19.139999
2015-08-21,,,,28.030001
2015-08-24,,,,40.740002
2015-08-25,,,,36.020000
2015-08-26,,,,30.320000
2015-08-27,,,,26.100000
2015-08-28,,,,26.049999
2015-08-31,,,,28.430000
2015-09-01,,,,31.400000
2015-09-02,,,,26.090000
2015-09-03,,,,25.610001
2015-09-04,,,,27.799999
2015-09-08,,,,24.900000
2015-09-09,,,,26.230000
2015-09-10,,,,24.370001
2015-09-11,,,,23.200001
2015-09-14,,,,24.250000
2015-09-15,,,,22.540001
2015-09-16,,,,21.350000
2015-09-17,,,,21.139999
2015-09-18,,,,22.280001
2015-09-21,,,,20.139999
2015-09-22,,,,22.440001
2015-09-23,,,,22.129999
2015-09-24,,,,23.469999
2015-09-25,,,,23.620001
2015-09-28,,,,27.629999
2015-09-29,,,,26.830000
2015-09-30,,,,24.500000
2015-10-01,,,,22.549999
2015-10-02,,,,20.940001
2015-10-05,,,,19.540001
2015-10-06,,,,19.400000
2015-10-07,,,,18.400000
2015-10-08,,,,17.420000
2015-10-09,,,,17.080000
2015-10-12,,,,16.170000
2015-10-13,,,,17.670000
2015-10-14,,,,18.030001
2015-10-15,,,,16.049999
2015-10-16,,,,15.050000
2015-10-19,,,,14.980000
2015-10-20,,,,15.750000
2015-10-21,,,,16.700001
2015-10-22,,,,14.450000
2015-10-23,,,,14.460000
2015-10-26,,,,15.290000
2015-10-27,,,,15.430000
2015-10-28,,,,14.330000
2015-10-29,,,,14.610000
2015-10-30,,,,15.070000
2015-11-02,,,,14.150000
2015-11-03,,,,14.540000
2015-11-04,,,,15.510000
2015-11-05,,,,15.050000
2015-11-06,,,,14.330000
2015-11-09,,,,16.520000
2015-11-10,,,,15.290000
2015-11-11,,,,16.059999
2015-11-12,,,,18.370001
2015-11-13,,,,20.080000
2015-11-16,,,,18.160000
2015-11-17,,,,18.840000
2015-11-18,,,,16.850000
2015-11-19,,,,16.990000
2015-11-20,,,,15.470000
2015-11-23,,,,15.620000
2015-11-24,,,,15.930000
2015-11-25,,,,15.190000
2015-11-27,,,,15.120000
2015-11-30,,,,16.129999
2015-12-01,,,,14.670000
2015-12-02,,,,15.910000
2015-12-03,,,,18.110001
2015-12-04,,,,14.810000
2015-12-07,,,,15.840000
2015-12-08,,,,17.600000
2015-12-09,,,,19.610001
2015-12-10,,,,19.340000
2015-12-11,,,,24.389999
2015-12-14,,,,22.730000
2015-12-15,,,,20.950001
2015-12-16,,,,17.860001
2015-12-17,,,,18.940001
2015-12-18,,,,20.700001
2015-12-21,,,,18.700001
2015-12-22,,,,16.600000
2015-12-23,,,,15.570000
2015-12-24,,,,15.740000
2015-12-28,,,,16.910000
2015-12-29,,,,16.080000
2015-12-30,,,,17.290001
2015-12-31,,,,18.209999
2016-01-04,,,,20.700001
2016-01-05,,,,19.340000
2016-01-06,,,,20.590000
2016-01-07,,,,24.990000
2016-01-08,,,,27.010000
2016-01-11,,,,24.299999
2016-01-12,,,,22.469999
2016-01-13,,,,25.219999
2016-01-14,,,,23.950001
2016-01-15,,,,27.020000
2016-01-19,,,,26.049999
2016-01-20,,,,27.590000
2016-01-21,,,,26.690001
2016-01-22,,,,22.340000
2016-01-25,,,,24.150000
2016-01-26,,,,22.500000
2016-01-27,,,,23.110001
2016-01-28,,,,22.420000
2016-01-29,,,,20.200001
2016-02-01,,,,19.980000
2016-02-02,,,,21.980000
2016-02-03,,,,21.650000
2016-02-04,,,,21.840000
2016-02-05,,,,23.379999
2016-02-08,,,,26.000000
2016-02-09,,,,26.540001
2016-02-10,,,,26.290001
2016-02-11,,,,28.139999
2016-02-12,,,,25.400000
2016-02-16,,,,24.110001
2016-02-17,,,,22.309999
2016-02-18,,,,21.639999
2016-02-19,,,,20.530001
2016-02-22,,,,19.379999
2016-02-23,,,,20.980000
2016-02-24,,,,20.719999
2016-02-25,,,,19.110001
2016-02-26,,,,19.809999
2016-02-29,,,,20.549999
2016-03-01,,,,17.700001
2016-03-02,,,,17.090000
2016-03-03,,,,16.700001
2016-03-04,,,,16.860001
2016-03-07,,,,17.350000
2016-03-08,,,,18.670000
2016-03-09,,,,18.340000
2016-03-10,,,,18.049999
2016-03-11,,,,16.500000
2016-03-14,,,,16.920000
2016-03-15,,,,16.840000
2016-03-16,,,,14.990000
2016-03-17,,,,14.440000
2016-03-18,,,,14.020000
2016-03-21,,,,13.790000
2016-03-22,,,,14.170000
2016-03-23,,,,14.940000
2016-03-24,,,,14.740000
2016-03-28,,,,15.240000
2016-03-29,,,,13.820000
2016-03-30,,,,13.560000
2016-03-31,,,,13.950000
2016-04-01,,,,13.100000
2016-04-04,,,,14.120000
2016-04-05,,,,15.420000
2016-04-06,,,,14.090000
2016-04-07,,,,16.160000
2016-04-08,,,,15.360000
2016-04-11,,,,16.260000
2016-04-12,,,,14.850000
2016-04-13,,,,13.840000
2016-04-14,,,,13.720000
2016-04-15,,,,13.620000
2016-04-18,,,,13.350000
2016-04-19,,,,13.240000
2016-04-20,,,,13.280000
2016-04-21,,,,13.950000
2016-04-22,,,,13.220000
2016-04-25,,,,14.080000
2016-04-26,,,,13.960000
2016-04-27,,,,13.770000
2016-04-28,,,,15.220000
2016-04-29,,,,15.700000
2016-05-02,,,,14.680000
2016-05-03,,,,15.600000
2016-05-04,,,,16.049999
2016-05-05,,,,15.910000
2016-05-06,,,,14.720000
2016-05-09,,,,14.570000
2016-05-10,,,,13.630000
2016-05-11,,,,14.690000
2016-05-12,,,,14.410000
2016-05-13,,,,15.040000
2016-05-16,,,,14.680000
2016-05-17,,,,15.570000
2016-05-18,,,,15.950000
2016-05-19,,,,16.330000
2016-05-20,,,,15.200000
2016-05-23,,,,15.820000
2016-05-24,,,,14.420000
2016-05-25,,,,13.900000
2016-05-26,,,,13.430000
2016-05-27,,,,13.120000
2016-05-31,,,,14.190000
2016-06-01,,,,14.200000
2016-06-02,,,,13.630000
2016-06-03,,,,13.470000
2016-06-06,,,,13.650000
2016-06-07,,,,14.050000
2016-06-08,,,,14.080000
2016-06-09,,,,14.640000
2016-06-10,,,,17.030001
2016-06-13,,,,20.969999
2016-06-14,,,,20.500000
2016-06-15,,,,20.139999
2016-06-16,,,,19.370001
2016-06-17,,,,19.410000
2016-06-20,,,,18.370001
2016-06-21,,,,18.480000
2016-06-22,,,,21.170000
2016-06-23,,,,17.250000
2016-06-24,,,,25.760000
2016-06-27,,,,23.850000
2016-06-28,,,,18.750000
2016-06-29,,,,16.639999
2016-06-30,,,,15.630000
2016-07-01,,,,14.770000
2016-07-05,,,,15.580000
2016-07-06,,,,14.960000
2016-07-07,,,,14.760000
2016-07-08,,,,13.200000
2016-07-11,,,,13.540000
2016-07-12,,,,13.550000
2016-07-13,,,,13.040000
2016-07-14,,,,12.820000
2016-07-15,,,,12.670000
2016-07-18,,,,12.440000
2016-07-19,,,,11.970000
2016-07-20,,,,11.770000
2016-07-21,,,,12.740000
2016-07-22,,,,12.020000
2016-07-25,,,,12.870000
2016-07-26,,,,13.050000
2016-07-27,,,,12.830000
2016-07-28,,,,12.720000
2016-07-29,,,,11.870000
2016-08-01,,,,12.440000
2016-08-02,,,,13.370000
2016-08-03,,,,12.860000
2016-08-04,,,,12.420000
2016-08-05,,,,11.390000
2016-08-08,,,,11.500000
2016-08-09,,,,11.660000
2016-08-10,,,,12.050000
2016-08-11,,,,11.680000
2016-08-12,,,,11.550000
2016-08-15,,,,11.810000
2016-08-16,,,,12.640000
2016-08-17,,,,12.190000
2016-08-18,,,,11.430000
2016-08-19,,,,11.340000
2016-08-22,,,,12.270000
2016-08-23,,,,12.380000
2016-08-24,,,,13.450000
2016-08-25,,,,13.630000
2016-08-26,,,,13.650000
2016-08-29,,,,12.940000
2016-08-30,,,,13.120000
2016-08-31,,,,13.420000
2016-09-01,,,,13.480000
2016-09-02,,,,11.980000
2016-09-06,,,,12.020000
2016-09-07,,,,11.940000
2016-09-08,,,,12.510000
2016-09-09,,,,17.500000
2016-09-12,,,,15.160000
2016-09-13,,,,17.850000
2016-09-14,,,,18.139999
2016-09-15,,,,16.299999
2016-09-16,,,,15.370000
2016-09-19,,,,15.530000
2016-09-20,,,,15.920000
2016-09-21,,,,13.300000
2016-09-22,,,,12.020000
2016-09-23,,,,12.290000
2016-09-26,,,,14.500000
2016-09-27,,,,13.100000
2016-09-28,,,,12.390000
2016-09-29,,,,14.020000
2016-09-30,,,,13.290000
2016-10-03,,,,13.570000
2016-10-04,,,,13.630000
2016-10-05,,,,12.990000
2016-10-06,,,,12.840000
2016-10-07,,,,13.480000
2016-10-10,,,,13.380000
2016-10-11,,,,15.360000
2016-10-12,,,,15.910000
2016-10-13,,,,16.690001
2016-10-14,,,,16.120001
2016-10-17,,,,16.209999
2016-10-18,,,,15.280000
2016-10-19,,,,14.410000
2016-10-20,,,,13.750000
2016-10-21,,,,13.340000
2016-10-24,,,,13.020000
2016-10-25,,,,13.460000
2016-10-26,,,,14.240000
2016-10-27,,,,15.360000
2016-10-28,,,,16.190001
2016-10-31,,,,17.059999
2016-11-01,,,,18.559999
2016-11-02,,,,19.320000
2016-11-03,,,,22.080000
2016-11-04,,,,22.510000
2016-11-07,,,,18.709999
2016-11-08,,,,18.740000
2016-11-09,,,,14.380000
2016-11-10,,,,14.740000
2016-11-11,,,,14.170000
2016-11-14,,,,14.480000
2016-11-15,,,,13.370000
2016-11-16,,,,13.720000
2016-11-17,,,,13.350000
2016-11-18,,,,12.850000
2016-11-21,,,,12.420000
2016-11-22,,,,12.410000
2016-11-23,,,,12.430000
2016-11-25,,,,12.340000
2016-11-28,,,,13.150000
2016-11-29,,,,12.900000
2016-11-30,,,,13.330000
2016-12-01,,,,14.070000
2016-12-02,,,,14.120000
2016-12-05,,,,12.140000
2016-12-06,,,,11.790000
2016-12-07,,,,12.220000
2016-12-08,,,,12.640000
2016-12-09,,,,11.750000
2016-12-12,,,,12.640000
2016-12-13,,,,12.720000
2016-12-14,,,,13.190000
2016-12-15,,,,12.790000
2016-12-16,,,,12.200000
2016-12-19,,,,11.710000
2016-12-20,,,,11.450000
2016-12-21,,,,11.270000
2016-12-22,,,,11.430000
2016-12-23,,,,11.440000
2016-12-27,,,,11.990000
2016-12-28,,,,12.950000
2016-12-29,,,,13.370000
2016-12-30,,,,14.040000
2017-01-03,,,,12.850000
2017-01-04,,,,11.850000
2017-01-05,,,,11.670000
2017-01-06,,,,11.320000
2017-01-09,,,,11.560000
2017-01-10,,,,11.490000
2017-01-11,,,,11.260000
2017-01-12,,,,11.540000
2017-01-13,,,,11.230000
2017-01-17,,,,11.870000
2017-01-18,,,,12.480000
2017-01-19,,,,12.780000
2017-01-20,,,,11.540000
2017-01-23,,,,11.770000
2017-01-24,,,,11.070000
2017-01-25,,,,10.810000
2017-01-26,,,,10.630000
2017-01-27,,,,10.580000
2017-01-30,,,,11.880000
2017-01-31,,,,11.990000
2017-02-01,,,,11.810000
2017-02-02,,,,11.930000
2017-02-03,,,,10.970000
2017-02-06,,,,11.370000
2017-02-07,,,,11.290000
2017-02-08,,,,11.450000
2017-02-09,,,,10.880000
2017-02-10,,,,10.850000
2017-02-13,,,,11.070000
2017-02-14,,,,10.740000
2017-02-15,,,,11.970000
2017-02-16,,,,11.760000
2017-02-17,,,,11.490000
2017-02-21,,,,11.570000
2017-02-22,,,,11.740000
2017-02-23,,,,11.710000
2017-02-24,,,,11.470000
2017-02-27,,,,12.090000
2017-02-28,,,,12.920000
2017-03-01,,,,12.540000
2017-03-02,,,,11.810000
2017-03-03,,,,10.960000
2017-03-06,,,,11.240000
2017-03-07,,,,11.450000
2017-03-08,,,,11.860000
2017-03-09,,,,12.300000
2017-03-10,,,,11.660000
2017-03-13,,,,11.350000
2017-03-14,,,,12.300000
2017-03-15,,,,11.630000
2017-03-16,,,,11.210000
2017-03-17,,,,11.280000
2017-03-20,,,,11.340000
2017-03-21,,,,12.470000
2017-03-22,,,,12.810000
2017-03-23,,,,13.120000
2017-03-24,,,,12.960000
2017-03-27,,,,12.500000
2017-03-28,,,,11.530000
2017-03-29,,,,11.420000
2017-03-30,,,,11.540000
2017-03-31,,,,12.370000
2017-04-03,,,,12.380000
2017-04-04,,,,11.790000
2017-04-05,,,,12.890000
2017-04-06,,,,12.390000
2017-04-07,,,,12.870000
2017-04-10,,,,14.050000
2017-04-11,,,,15.070000
2017-04-12,,,,15.770000
2017-04-13,,,,15.960000
2017-04-17,,,,14.660000
2017-04-18,,,,14.420000
2017-04-19,,,,14.930000
2017-04-20,,,,14.150000
2017-04-21,,,,14.630000
2017-04-24,,,,10.840000
2017-04-25,,,,10.760000
2017-04-26,,,,10.850000
2017-04-27,,,,10.360000
2017-04-28,,,,10.820000
2017-05-01,,,,10.110000
2017-05-02,,,,10.590000
2017-05-03,,,,10.680000
2017-05-04,,,,10.460000
2017-05-05,,,,10.570000
2017-05-08,,,,9.770000
2017-05-09,,,,9.960000
2017-05-10,,,,10.210000
2017-05-11,,,,10.600000
2017-05-12,,,,10.400000
2017-05-15,,,,10.420000
2017-05-16,,,,10.650000
2017-05-17,,,,15.590000
2017-05-18,,,,14.660000
2017-05-19,,,,12.040000
2017-05-22,,,,10.930000
2017-05-23,,,,10.720000
2017-05-24,,,,10.020000
2017-05-25,,,,9.990000
2017-05-26,,,,9.810000
2017-05-30,,,,10.380000
2017-05-31,,,,10.410000
2017-06-01,,,,9.890000
2017-06-02,,,,9.750000
2017-06-05,,,,10.070000
2017-06-06,,,,10.450000
2017-06-07,,,,10.390000
2017-06-08,,,,10.160000
2017-06-09,,,,10.700000
2017-06-12,,,,11.460000
2017-06-13,,,,10.420000
2017-06-14,,,,10.640000
2017-06-15,,,,10.900000
2017-06-16,,,,10.380000
2017-06-19,,,,10.370000
2017-06-20,,,,10.860000
2017-06-21,,,,10.750000
2017-06-22,,,,10.480000
2017-06-23,,,,10.020000
2017-06-26,,,,9.900000
2017-06-27,,,,11.060000
2017-06-28,,,,10.030000
2017-06-29,,,,11.440000
2017-06-30,,,,11.180000
2017-07-03,,,,11.220000
2017-07-05,,,,11.070000
2017-07-06,,,,12.540000
2017-07-07,,,,11.190000
2017-07-10,,,,11.110000
2017-07-11,,,,10.890000
2017-07-12,,,,10.300000
2017-07-13,,,,9.900000
2017-07-14,,,,9.510000
2017-07-17,,,,9.820000
2017-07-18,,,,9.890000
2017-07-19,,,,9.790000
2017-07-20,,,,9.580000
2017-07-21,,,,9.360000
2017-07-24,,,,9.430000
2017-07-25,,,,9.430000
2017-07-26,,,,9.600000
2017-07-27,,,,10.110000
2017-07-28,,,,10.290000
2017-07-31,,,,10.260000
2017-08-01,,,,10.090000
2017-08-02,,,,10.280000
2017-08-03,,,,10.440000
2017-08-04,,,,10.030000
2017-08-07,,,,9.930000
2017-08-08,,,,10.960000
2017-08-09,,,,11.110000
2017-08-10,,,,16.040001
2017-08-11,,,,15.510000
2017-08-14,,,,12.330000
2017-08-15,,,,12.040000
2017-08-16,,,,11.740000
2017-08-17,,,,15.550000
2017-08-18,,,,14.260000
2017-08-21,,,,13.190000
2017-08-22,,,,11.350000
2017-08-23,,,,12.250000
2017-08-24,,,,12.230000
2017-08-25,,,,11.280000
2017-08-28,,,,11.320000
2017-08-29,,,,11.700000
2017-08-30,,,,11.220000
2017-08-31,,,,10.590000
2017-09-01,,,,10.130000
2017-09-05,,,,12.230000
2017-09-06,,,,11.630000
2017-09-07,,,,11.550000
2017-09-08,,,,12.120000
2017-09-11,,,,10.730000
2017-09-12,,,,10.580000
2017-09-13,,,,10.500000
2017-09-14,,,,10.440000
2017-09-15,,,,10.170000
2017-09-18,,,,10.150000
2017-09-19,,,,10.180000
2017-09-20,,,,9.780000
2017-09-21,,,,9.670000
2017-09-22,,,,9.590000
2017-09-25,,,,10.210000
2017-09-26,,,,10.170000
2017-09-27,,,,9.870000
2017-09-28,,,,9.550000
2017-09-29,,,,9.510000
2017-10-02,,,,9.450000
2017-10-03,,,,9.510000
2017-10-04,,,,9.630000
2017-10-05,,,,9.190000
2017-10-06,,,,9.650000
2017-10-09,,,,10.330000
2017-10-10,,,,10.080000
2017-10-11,,,,9.850000
2017-10-12,,,,9.910000
2017-10-13,,,,9.610000
2017-10-16,,,,9.910000
2017-10-17,,,,10.310000
2017-10-18,,,,10.070000
2017-10-19,,,,10.050000
2017-10-20,,,,9.970000
2017-10-23,,,,11.070000
2017-10-24,,,,11.160000
2017-10-25,,,,11.230000
2017-10-26,,,,11.300000
2017-10-27,,,,9.800000
2017-10-30,,,,10.500000
2017-10-31,,,,10.180000
2017-11-01,,,,10.200000
2017-11-02,,,,9.930000
2017-11-03,,,,9.140000
2017-11-06,,,,9.400000
2017-11-07,,,,9.890000
2017-11-08,,,,9.780000
2017-11-09,,,,10.500000
2017-11-10,,,,11.290000
2017-11-13,,,,11.500000
2017-11-14,,,,11.590000
2017-11-15,,,,13.130000
2017-11-16,,,,11.760000
2017-11-17,,,,11.430000
2017-11-20,,,,10.650000
2017-11-21,,,,9.730000
2017-11-22,,,,9.880000
2017-11-24,,,,9.670000
2017-11-27,,,,9.870000
2017-11-28,,,,10.030000
2017-11-29,,,,10.700000
2017-11-30,,,,11.280000
2017-12-01,,,,11.430000
2017-12-04,,,,11.680000
2017-12-05,,,,11.330000
2017-12-06,,,,11.020000
2017-12-07,,,,10.160000
2017-12-08,,,,9.580000
2017-12-11,,,,9.340000
2017-12-12,,,,9.920000
2017-12-13,,,,10.180000
2017-12-14,,,,10.490000
2017-12-15,,,,9.420000
2017-12-18,,,,9.530000
2017-12-19,,,,10.030000
2017-12-20,,,,9.720000
2017-12-21,,,,9.620000
2017-12-22,,,,9.900000
2017-12-26,,,,10.250000
2017-12-27,,,,10.470000
2017-12-28,,,,10.180000
2017-12-29,,,,11.040000
2018-01-02,,,,9.770000
2018-01-03,,,,9.150000
2018-01-04,,,,9.220000
2018-01-05,,,,9.220000
2018-01-08,,,,9.520000
2018-01-09,,,,10.080000
2018-01-10,,,,9.820000
2018-01-11,,,,9.880000
2018-01-12,,,,10.160000
2018-01-16,,,,11.660000
2018-01-17,,,,11.910000
2018-01-18,,,,12.220000
2018-01-19,,,,11.270000
2018-01-22,,,,11.030000
2018-01-23,,,,11.100000
2018-01-24,,,,11.470000
2018-01-25,,,,11.580000
2018-01-26,,,,11.080000
2018-01-29,,,,13.840000
2018-01-30,,,,14.790000
2018-01-31,,,,13.540000
2018-02-01,,,,13.470000
2018-02-02,,,,17.309999
2018-02-05,,,,37.320000
2018-02-06,,,,29.980000
2018-02-07,,,,27.730000
2018-02-08,,,,33.459999
2018-02-09,,,,29.059999
2018-02-12,,,,25.610001
2018-02-13,,,,24.969999
2018-02-14,,,,19.260000
2018-02-15,,,,19.129999
2018-02-16,,,,19.459999
2018-02-20,,,,20.600000
2018-02-21,,,,20.020000
2018-02-22,,,,18.719999
2018-02-23,,,,16.490000
2018-02-26,,,,15.800000
2018-02-27,,,,18.590000
2018-02-28,,,,19.850000
2018-03-01,,,,22.469999
2018-03-02,,,,19.590000
2018-03-05,,,,18.730000
2018-03-06,,,,18.360001
2018-03-07,,,,17.760000
2018-03-08,,,,16.540001
2018-03-09,,,,14.640000
2018-03-12,,,,15.780000
2018-03-13,,,,16.350000
2018-03-14,,,,17.230000
2018-03-15,,,,16.590000
2018-03-16,,,,15.800000
2018-03-19,,,,19.020000
2018-03-20,,,,18.200001
2018-03-21,,,,17.860001
2018-03-22,,,,23.340000
2018-03-23,,,,24.870001
2018-03-26,,,,21.030001
2018-03-27,,,,22.500000
2018-03-28,,,,22.870001
2018-03-29,,,,19.969999
2018-04-02,,,,23.620001
2018-04-03,,,,21.100000
2018-04-04,,,,20.059999
2018-04-05,,,,18.940001
2018-04-06,,,,21.490000
2018-04-09,,,,21.770000
2018-04-10,,,,20.469999
2018-04-11,,,,20.240000
2018-04-12,,,,18.490000
2018-04-13,,,,17.410000
2018-04-16,,,,16.559999
2018-04-17,,,,15.250000
2018-04-18,,,,15.600000
2018-04-19,,,,15.960000
2018-04-20,,,,16.879999
2018-04-23,,,,16.340000
2018-04-24,,,,18.020000
2018-04-25,,,,17.840000
2018-04-26,,,,16.240000
2018-04-27,,,,15.410000
2018-04-30,,,,15.930000
2018-05-01,,,,15.490000
2018-05-02,,,,15.970000
2018-05-03,,,,15.900000
2018-05-04,,,,14.770000
2018-05-07,,,,14.750000
2018-05-08,,,,14.710000
2018-05-09,,,,13.420000
2018-05-10,,,,13.230000
2018-05-11,,,,12.650000
2018-05-14,,,,12.930000
2018-05-15,,,,14.630000
2018-05-16,,,,13.420000
2018-05-17,,,,13.430000
2018-05-18,,,,13.420000
2018-05-21,,,,13.080000
2018-05-22,,,,13.220000
2018-05-23,,,,12.580000
2018-05-24,,,,12.530000
2018-05-25,,,,13.220000
2018-05-29,,,,17.020000
2018-05-30,,,,14.940000
2018-05-31,,,,15.430000
2018-06-01,,,,13.460000
2018-06-04,,,,12.740000
2018-06-05,,,,12.400000
2018-06-06,,,,11.640000
2018-06-07,,,,12.130000
2018-06-08,,,,12.180000
2018-06-11,,,,12.350000
2018-06-12,,,,12.340000
2018-06-13,,,,12.940000
2018-06-14,,,,12.120000
2018-06-15,,,,11.980000
2018-06-18,,,,12.310000
2018-06-19,,,,13.350000
2018-06-20,,,,12.790000
2018-06-21,,,,14.640000
2018-06-22,,,,13.770000
2018-06-25,,,,17.330000
2018-06-26,,,,15.920000
2018-06-27,,,,17.910000
2018-06-28,,,,16.850000
2018-06-29,,,,16.090000
2018-07-02,,,,15.600000
2018-07-03,,,,16.139999
2018-07-05,,,,14.970000
2018-07-06,,,,13.370000
2018-07-09,,,,12.690000
2018-07-10,,,,12.640000
2018-07-11,,,,13.630000
2018-07-12,,,,12.580000
2018-07-13,,,,12.180000
2018-07-16,,,,12.830000
2018-07-17,,,,12.060000
2018-07-18,,,,12.100000
2018-07-19,,,,12.870000
2018-07-20,,,,12.860000
2018-07-23,,,,12.620000
2018-07-24,,,,12.410000
2018-07-25,,,,12.290000
2018-07-26,,,,12.140000
2018-07-27,,,,13.030000
2018-07-30,,,,14.260000
2018-07-31,,,,12.830000
2018-08-01,,,,13.150000
2018-08-02,,,,12.190000
2018-08-03,,,,11.640000
2018-08-06,,,,11.270000
2018-08-07,,,,10.930000
2018-08-08,,,,10.850000
2018-08-09,,,,11.270000
2018-08-10,,,,13.160000
2018-08-13,,,,14.780000
2018-08-14,,,,13.310000
2018-08-15,,,,14.640000
2018-08-16,,,,13.450000
2018-08-17,,,,12.640000
2018-08-20,,,,12.490000
2018-08-21,,,,12.860000
2018-08-22,,,,12.250000
2018-08-23,,,,12.410000
2018-08-24,,,,11.990000
2018-08-27,,,,12.160000
2018-08-28,,,,12.500000
2018-08-29,,,,12.250000
2018-08-30,,,,13.530000
2018-08-31,,,,12.860000
2018-09-04,,,,13.160000
2018-09-05,,,,13.910000
2018-09-06,,,,14.650000
2018-09-07,,,,14.880000
2018-09-10,,,,14.160000
2018-09-11,,,,13.220000
2018-09-12,,,,13.140000
2018-09-13,,,,12.370000
2018-09-14,,,,12.070000
2018-09-17,,,,13.680000
2018-09-18,,,,12.790000
2018-09-19,,,,11.750000
2018-09-20,,,,11.800000
2018-09-21,,,,11.680000
2018-09-24,,,,12.200000
2018-09-25,,,,12.420000
2018-09-26,,,,12.890000
2018-09-27,,,,12.410000
2018-09-28,,,,12.120000
2018-10-01,,,,12.000000
2018-10-02,,,,12.050000
2018-10-03,,,,11.610000
2018-10-04,,,,14.220000
2018-10-05,,,,14.820000
2018-10-08,,,,15.690000
2018-10-09,,,,15.950000
2018-10-10,,,,22.959999
2018-10-11,,,,24.980000
2018-10-12,,,,21.309999
2018-10-15,,,,21.299999
2018-10-16,,,,17.620001
2018-10-17,,,,17.400000
2018-10-18,,,,20.059999
2018-10-19,,,,19.889999
2018-10-22,,,,19.639999
2018-10-23,,,,20.709999
2018-10-24,,,,25.230000
2018-10-25,,,,24.219999
2018-10-26,,,,24.160000
2018-10-29,,,,24.700001
2018-10-30,,,,23.350000
2018-10-31,,,,21.230000
2018-11-01,,,,19.340000
2018-11-02,,,,19.510000
2018-11-05,,,,19.959999
2018-11-06,,,,19.910000
2018-11-07,,,,16.360001
2018-11-08,,,,16.719999
2018-11-09,,,,17.360001
2018-11-12,,,,20.450001
2018-11-13,,,,20.020000
2018-11-14,,,,21.250000
2018-11-15,,,,19.980000
2018-11-16,,,,18.139999
2018-11-19,,,,20.100000
2018-11-20,,,,22.480000
2018-11-21,,,,20.799999
2018-11-23,,,,21.520000
2018-11-26,,,,18.900000
2018-11-27,,,,19.020000
2018-11-28,,,,18.490000
2018-11-29,,,,18.790001
2018-11-30,,,,18.070000
2018-12-03,,,,16.440001
2018-12-04,,,,20.740000
2018-12-06,,,,21.190001
2018-12-07,,,,23.230000
2018-12-10,,,,22.639999
2018-12-11,,,,21.760000
2018-12-12,,,,21.459999
2018-12-13,,,,20.650000
2018-12-14,,,,21.629999
2018-12-17,,,,24.520000
2018-12-18,,,,25.580000
2018-12-19,,,,25.580000
2018-12-20,,,,28.379999
2018-12-21,,,,30.110001
2018-12-24,,,,36.070000
2018-12-26,,,,30.410000
2018-12-27,,,,29.959999
2018-12-28,,,,28.340000
2018-12-31,,,,25.420000
2019-01-02,,,,23.219999
2019-01-03,,,,25.450001
2019-01-04,,,,21.379999
2019-01-07,,,,21.400000
2019-01-08,,,,20.469999
2019-01-09,,,,19.980000
2019-01-10,,,,19.500000
2019-01-11,,,,18.190001
2019-01-14,,,,19.070000
2019-01-15,,,,18.600000
2019-01-16,,,,19.040001
2019-01-17,,,,18.059999
2019-01-18,,,,17.799999
2019-01-22,,,,20.799999
2019-01-23,,,,19.520000
2019-01-24,,,,18.889999
2019-01-25,,,,17.420000
2019-01-28,,,,18.870001
2019-01-29,,,,19.129999
2019-01-30,,,,17.660000
2019-01-31,,,,16.570000
2019-02-01,,,,16.139999
2019-02-04,,,,15.730000
2019-02-05,,,,15.570000
2019-02-06,,,,15.380000
2019-02-07,,,,16.370001
2019-02-08,,,,15.720000
2019-02-11,,,,15.970000
2019-02-12,,,,15.430000
2019-02-13,,,,15.650000
2019-02-14,,,,16.219999
2019-02-15,,,,14.910000
2019-02-19,,,,14.880000
2019-02-20,,,,14.020000
2019-02-21,,,,14.460000
2019-02-22,,,,13.510000
2019-02-25,,,,14.850000
2019-02-26,,,,15.170000
2019-02-27,,,,14.700000
2019-02-28,,,,14.780000
2019-03-01,,,,13.570000
2019-03-04,,,,14.630000
2019-03-05,,,,14.740000
2019-03-06,,,,15.740000
2019-03-07,,,,16.590000
2019-03-08,,,,16.049999
2019-03-11,,,,14.330000
2019-03-12,,,,13.770000
2019-03-13,,,,13.410000
2019-03-14,,,,13.500000
2019-03-15,,,,12.880000
2019-03-18,,,,13.100000
2019-03-19,,,,13.560000
2019-03-20,,,,13.910000
2019-03-21,,,,13.630000
2019-03-22,,,,16.480000
2019-03-25,,,,16.330000
2019-03-26,,,,14.680000
2019-03-27,,,,15.150000
2019-03-28,,,,14.430000
2019-03-29,,,,13.710000
2019-04-01,,,,13.400000
2019-04-02,,,,13.360000
2019-04-03,,,,13.740000
2019-04-04,,,,13.580000
2019-04-05,,,,12.820000
2019-04-08,,,,13.180000
2019-04-09,,,,14.280000
2019-04-10,,,,13.300000
2019-04-11,,,,13.020000
2019-04-12,,,,12.010000
2019-04-15,,,,12.320000
2019-04-16,,,,12.180000
2019-04-17,,,,12.600000
2019-04-18,,,,12.090000
2019-04-22,,,,12.420000
2019-04-23,,,,12.280000
2019-04-24,,,,13.140000
2019-04-25,,,,13.250000
2019-04-26,,,,12.730000
2019-04-29,,,,13.110000
2019-04-30,,,,13.120000
2019-05-01,,,,14.800000
2019-05-02,,,,14.420000
2019-05-03,,,,12.870000
2019-05-06,,,,15.440000
2019-05-07,,,,19.320000
2019-05-08,,,,19.400000
2019-05-09,,,,19.100000
2019-05-10,,,,16.040001
2019-05-13,,,,20.549999
2019-05-14,,,,18.059999
2019-05-15,,,,16.440001
2019-05-16,,,,15.290000
2019-05-17,,,,15.960000
2019-05-20,,,,16.309999
2019-05-21,,,,14.950000
2019-05-22,,,,14.750000
2019-05-23,,,,16.920000
2019-05-24,,,,15.850000
2019-05-28,,,,17.500000
2019-05-29,,,,17.900000
2019-05-30,,,,17.299999
2019-05-31,,,,18.709999
2019-06-03,,,,18.860001
2019-06-04,,,,16.969999
2019-06-05,,,,16.090000
2019-06-06,,,,15.930000
2019-06-07,,,,16.299999
2019-06-10,,,,15.940000
2019-06-11,,,,15.990000
2019-06-12,,,,15.910000
2019-06-13,,,,15.820000
2019-06-14,,,,15.280000
2019-06-17,,,,15.350000
2019-06-18,,,,15.150000
2019-06-19,,,,14.330000
2019-06-20,,,,14.750000
2019-06-21,,,,15.400000
2019-06-24,,,,15.260000
2019-06-25,,,,16.280001
2019-06-26,,,,16.209999
2019-06-27,,,,15.820000
2019-06-28,,,,15.080000
2019-07-01,,,,14.060000
2019-07-02,,,,12.930000
2019-07-03,,,,12.570000
2019-07-05,,,,13.280000
2019-07-08,,,,13.960000
2019-07-09,,,,14.090000
2019-07-10,,,,13.030000
2019-07-11,,,,12.930000
2019-07-12,,,,12.390000
2019-07-15,,,,12.680000
2019-07-16,,,,12.860000
2019-07-17,,,,13.970000
2019-07-18,,,,13.530000
2019-07-19,,,,14.450000
2019-07-22,,,,13.530000
2019-07-23,,,,12.610000
2019-07-24,,,,12.070000
2019-07-25,,,,12.740000
2019-07-26,,,,12.160000
2019-07-29,,,,12.830000
2019-07-30,,,,13.940000
2019-07-31,,,,16.120001
2019-08-01,,,,17.870001
2019-08-02,,,,17.610001
2019-08-05,,,,24.590000
2019-08-06,,,,20.170000
2019-08-07,,,,19.490000
2019-08-08,,,,16.910000
2019-08-09,,,,17.969999
2019-08-12,,,,21.090000
2019-08-13,,,,17.520000
2019-08-14,,,,22.100000
2019-08-15,,,,21.180000
2019-08-16,,,,18.469999
2019-08-19,,,,16.879999
2019-08-20,,,,17.500000
2019-08-21,,,,15.800000
2019-08-22,,,,16.680000
2019-08-23,,,,19.870001
2019-08-26,,,,19.320000
2019-08-27,,,,20.309999
2019-08-28,,,,19.350000
2019-08-29,,,,17.879999
2019-08-30,,,,18.980000
2019-09-03,,,,19.660000
2019-09-04,,,,17.330000
2019-09-05,,,,16.270000
2019-09-06,,,,15.000000
2019-09-09,,,,15.270000
2019-09-10,,,,15.200000
2019-09-11,,,,14.610000
2019-09-12,,,,14.220000
2019-09-13,,,,13.740000
2019-09-16,,,,14.670000
2019-09-17,,,,14.440000
2019-09-18,,,,13.950000
2019-09-19,,,,14.050000
2019-09-20,,,,15.320000
2019-09-23,,,,14.910000
2019-09-24,,,,17.049999
2019-09-25,,,,15.960000
2019-09-26,,,,16.070000
2019-09-27,,,,17.219999
2019-09-30,,,,16.240000
2019-10-01,,,,18.559999
2019-10-02,,,,20.559999
2019-10-03,,,,19.120001
2019-10-04,,,,17.040001
2019-10-07,,,,17.860001
2019-10-08,,,,20.280001
2019-10-09,,,,18.639999
2019-10-10,,,,17.570000
2019-10-11,,,,15.580000
2019-10-14,,,,14.570000
2019-10-15,,,,13.540000
2019-10-16,,,,13.680000
2019-10-17,,,,13.790000
2019-10-18,,,,14.250000
2019-10-21,,,,14.000000
2019-10-22,,,,14.460000
2019-10-23,,,,14.010000
2019-10-24,,,,13.710000
2019-10-25,,,,12.650000
2019-10-28,,,,13.110000
2019-10-29,,,,13.200000
2019-10-30,,,,12.330000
2019-10-31,,,,13.220000
2019-11-01,,,,12.300000
2019-11-04,,,,12.830000
2019-11-05,,,,13.100000
2019-11-06,,,,12.620000
2019-11-07,,,,12.730000
2019-11-08,,,,12.070000
2019-11-11,,,,12.690000
2019-11-12,,,,12.680000
2019-11-13,,,,13.000000
2019-11-14,,,,13.050000
2019-11-15,,,,12.050000
2019-11-18,,,,12.460000
2019-11-19,,,,12.860000
2019-11-20,,,,12.780000
2019-11-21,,,,13.130000
2019-11-22,,,,12.340000
2019-11-25,,,,11.870000
2019-11-26,,,,11.540000
2019-11-27,,,,11.750000
2019-11-29,,,,12.620000
2019-12-02,,,,14.910000
2019-12-03,,,,15.960000
2019-12-04,,,,14.800000
2019-12-05,,,,14.520000
2019-12-06,,,,13.620000
2019-12-09,,,,15.860000
2019-12-10,,,,15.680000
2019-12-11,,,,14.990000
2019-12-12,,,,13.940000
2019-12-13,,,,12.630000
2019-12-16,,,,12.140000
2019-12-17,,,,12.290000
2019-12-18,,,,12.580000
2019-12-19,,,,12.500000
2019-12-20,,,,12.510000
2019-12-23,,,,12.610000
2019-12-24,,,,12.670000
2019-12-26,,,,12.650000
2019-12-27,,,,13.430000
2019-12-30,,,,14.820000
2019-12-31,,,,13.780000
2020-01-02,,,,12.470000
2020-01-03,,,,14.020000
2020-01-06,,,,13.850000
2020-01-07,,,,13.790000
2020-01-08,,,,13.450000
2020-01-09,,,,12.540000
2020-01-10,,,,12.560000
2020-01-13,,,,12.320000
2020-01-14,,,,12.390000
2020-01-15,,,,12.420000
2020-01-16,,,,12.320000
2020-01-17,,,,12.100000
2020-01-21,,,,12.850000
2020-01-22,,,,12.910000
2020-01-23,,,,12.980000
2020-01-24,,,,14.560000
2020-01-27,,,,18.230000
2020-01-28,,,,16.280001
2020-01-29,,,,16.389999
2020-01-30,,,,15.490000
2020-01-31,,,,18.840000
2020-02-03,,,,17.969999
2020-02-04,,,,16.049999
2020-02-05,,,,15.150000
2020-02-06,,,,14.960000
2020-02-07,,,,15.470000
2020-02-10,,,,15.040000
2020-02-11,,,,15.180000
2020-02-12,,,,13.740000
2020-02-13,,,,14.150000
2020-02-14,,,,13.680000
2020-02-18,,,,14.830000
2020-02-19,,,,14.380000
2020-02-20,,,,15.560000
2020-02-21,,,,17.080000
2020-02-24,,,,25.030001
2020-02-25,,,,27.850000
2020-02-26,,,,27.559999
2020-02-27,,,,39.160000
2020-02-28,,,,40.110001
2020-03-02,,,,33.419998
2020-03-03,,,,36.820000
2020-03-04,,,,31.990000
2020-03-05,,,,39.619999
2020-03-06,,,,41.939999
2020-03-09,,,,54.459999
2020-03-10,,,,47.299999
2020-03-11,,,,53.900002
2020-03-12,,,,75.470001
2020-03-13,,,,57.830002
2020-03-16,,,,82.690002
2020-03-17,,,,75.910004
2020-03-18,,,,76.449997
2020-03-19,,,,72.000000
2020-03-20,,,,66.040001
2020-03-23,,,,61.590000
2020-03-24,,,,61.669998
2020-03-25,,,,63.950001
2020-03-26,,,,61.000000
2020-03-27,,,,65.540001
2020-03-30,,,,57.080002
2020-03-31,,,,53.540001
2020-04-01,,,,57.060001
2020-04-02,,,,50.910000
2020-04-03,,,,46.799999
2020-04-06,,,,45.240002
2020-04-07,,,,46.700001
2020-04-08,,,,43.349998
2020-04-09,,,,41.669998
2020-04-13,,,,41.169998
2020-04-14,,,,37.759998
2020-04-15,,,,40.840000
2020-04-16,,,,40.110001
2020-04-17,,,,38.150002
2020-04-20,,,,43.830002
2020-04-21,,,,45.410000
2020-04-22,,,,41.980000
2020-04-23,,,,41.380001
2020-04-24,,,,35.930000
2020-04-27,,,,33.290001
2020-04-28,,,,33.570000
2020-04-29,,,,31.230000
2020-04-30,,,,34.150002
2020-05-01,,,,37.189999
2020-05-04,,,,35.970001
2020-05-05,,,,33.610001
2020-05-06,,,,34.119999
2020-05-07,,,,31.440001
2020-05-08,,,,27.980000
2020-05-11,,,,27.570000
2020-05-12,,,,33.040001
2020-05-13,,,,35.279999
2020-05-14,,,,32.610001
2020-05-15,,,,31.889999
2020-05-18,,,,29.299999
2020-05-19,,,,30.530001
2020-05-20,,,,27.990000
2020-05-21,,,,29.530001
2020-05-22,,,,28.160000
2020-05-26,,,,28.010000
2020-05-27,,,,27.620001
2020-05-28,,,,28.590000
2020-05-29,,,,27.510000
2020-06-01,,,,28.230000
2020-06-02,,,,26.840000
2020-06-03,,,,25.660000
2020-06-04,,,,25.809999
2020-06-05,,,,24.520000
2020-06-08,,,,25.809999
2020-06-09,,,,27.570000
2020-06-10,,,,27.570000
2020-06-11,,,,40.790001
2020-06-12,,,,36.090000
2020-06-15,,,,34.400002
2020-06-16,,,,33.669998
2020-06-17,,,,33.470001
2020-06-18,,,,32.939999
2020-06-19,,,,35.119999
2020-06-22,,,,31.770000
2020-06-23,,,,31.370001
2020-06-24,,,,33.840000
2020-06-25,,,,32.220001
2020-06-26,,,,34.730000
2020-06-29,,,,31.780001
2020-06-30,,,,30.430000
2020-07-01,,,,28.620001
2020-07-02,,,,27.680000
2020-07-06,,,,27.940001
2020-07-07,,,,29.430000
2020-07-08,,,,28.080000
2020-07-09,,,,29.260000
2020-07-10,,,,27.290001
2020-07-13,,,,32.189999
2020-07-14,,,,29.520000
2020-07-15,,,,27.760000
2020-07-16,,,,28.000000
2020-07-17,,,,25.680000
2020-07-20,,,,24.459999
2020-07-21,,,,24.840000
2020-07-22,,,,24.320000
2020-07-23,,,,26.080000
2020-07-24,,,,25.840000
2020-07-27,,,,24.740000
2020-07-28,,,,25.440001
2020-07-29,,,,24.100000
2020-07-30,,,,24.760000
2020-07-31,,,,24.459999
2020-08-03,,,,24.280001
2020-08-04,,,,23.760000
2020-08-05,,,,22.990000
2020-08-06,,,,22.650000
2020-08-07,,,,22.209999
2020-08-10,,,,22.129999
2020-08-11,,,,24.030001
2020-08-12,,,,22.280001
2020-08-13,,,,22.129999
2020-08-14,,,,22.049999
2020-08-17,,,,21.350000
2020-08-18,,,,21.510000
2020-08-19,,,,22.540001
2020-08-20,,,,22.719999
2020-08-21,,,,22.540001
2020-08-24,,,,22.370001
2020-08-25,,,,22.030001
2020-08-26,,,,23.270000
2020-08-27,,,,24.469999
2020-08-28,,,,22.959999
2020-08-31,,,,26.410000
2020-09-01,,,,26.120001
2020-09-02,,,,26.570000
2020-09-03,,,,33.599998
2020-09-04,,,,30.750000
2020-09-08,,,,31.459999
2020-09-09,,,,28.809999
2020-09-10,,,,29.709999
2020-09-11,,,,26.870001
2020-09-14,,,,25.850000
2020-09-15,,,,25.590000
2020-09-16,,,,26.040001
2020-09-17,,,,26.459999
2020-09-18,,,,25.830000